[
    {
        "Date": "2013-01-01T00:00:00",
        "FromAccount": "Jon A",
        "ToAccount": "Gergana I",
        "Narrative": "Sandbox Help",
        "Amount": 2.14
    },
    {
        "Date": "2013-01-04T00:00:00",
        "FromAccount": "Chris W",
        "ToAccount": "Dan W",
        "Narrative": "Coffee",
        "Amount": 10.53
    },
    {
        "Date": "2013-01-05T00:00:00",
        "FromAccount": "Stephen S",
        "ToAccount": "Tim L",
        "Narrative": "Sandcastle Help",
        "Amount": 10.57
    },
    {
        "Date": "2013-01-09T00:00:00",
        "FromAccount": "Todd",
        "ToAccount": "Rob S",
        "Narrative": "Coffee",
        "Amount": 8.19
    },
    {
        "Date": "2013-01-13T00:00:00",
        "FromAccount": "Todd",
        "ToAccount": "Sarah T",
        "Narrative": "Coffee",
        "Amount": 1.01
    },
    {
        "Date": "2013-01-15T00:00:00",
        "FromAccount": "Todd",
        "ToAccount": "Laura B",
        "Narrative": "Golf Bets",
        "Amount": 2.71
    },
    {
        "Date": "2013-01-18T00:00:00",
        "FromAccount": "Laura B",
        "ToAccount": "Tim L",
        "Narrative": "Jenkins Fees",
        "Amount": 7.17
    },
    {
        "Date": "2013-01-22T00:00:00",
        "FromAccount": "Dan W",
        "ToAccount": "Rob S",
        "Narrative": "Sandcastle Help",
        "Amount": 11.12
    },
    {
        "Date": "2013-01-25T00:00:00",
        "FromAccount": "Ben B",
        "ToAccount": "Jon A",
        "Narrative": "Coffee",
        "Amount": 4.86
    },
    {
        "Date": "2013-01-28T00:00:00",
        "FromAccount": "Stephen S",
        "ToAccount": "Ben B",
        "Narrative": "Services Rendered",
        "Amount": 1.92
    },
    {
        "Date": "2013-01-30T00:00:00",
        "FromAccount": "Sarah T",
        "ToAccount": "Todd",
        "Narrative": "Jenkins Fees",
        "Amount": 11.95
    },
    {
        "Date": "2013-01-31T00:00:00",
        "FromAccount": "Sarah T",
        "ToAccount": "Chris W",
        "Narrative": "Poker Winnings",
        "Amount": 7.55
    },
    {
        "Date": "2013-02-04T00:00:00",
        "FromAccount": "Sam N",
        "ToAccount": "Sarah T",
        "Narrative": "Arcade Social",
        "Amount": 5.52
    },
    {
        "Date": "2013-02-06T00:00:00",
        "FromAccount": "Dan W",
        "ToAccount": "Rob S",
        "Narrative": "Snooker Night",
        "Amount": 8.07
    },
    {
        "Date": "2013-02-07T00:00:00",
        "FromAccount": "Rob S",
        "ToAccount": "Laura B",
        "Narrative": "Beers",
        "Amount": 7.63
    },
    {
        "Date": "2013-02-10T00:00:00",
        "FromAccount": "Stephen S",
        "ToAccount": "Todd",
        "Narrative": "Snooker Night",
        "Amount": 10.4
    },
    {
        "Date": "2013-02-12T00:00:00",
        "FromAccount": "Ben B",
        "ToAccount": "Chris W",
        "Narrative": "Misc Morale",
        "Amount": 5.76
    },
    {
        "Date": "2013-02-15T00:00:00",
        "FromAccount": "Sam N",
        "ToAccount": "Chris W",
        "Narrative": "Lunch",
        "Amount": 1.54
    },
    {
        "Date": "2013-02-18T00:00:00",
        "FromAccount": "Sarah T",
        "ToAccount": "Sam N",
        "Narrative": "Coffee",
        "Amount": 6.98
    },
    {
        "Date": "2013-02-22T00:00:00",
        "FromAccount": "Chris W",
        "ToAccount": "Tim L",
        "Narrative": "Lunch",
        "Amount": 8.77
    },
    {
        "Date": "2013-02-26T00:00:00",
        "FromAccount": "Sarah T",
        "ToAccount": "Stephen S",
        "Narrative": "Audit and Other Financial Services",
        "Amount": 5.94
    },
    {
        "Date": "2013-02-27T00:00:00",
        "FromAccount": "Jon A",
        "ToAccount": "Chris W",
        "Narrative": "Rails Consultancy",
        "Amount": 10.58
    },
    {
        "Date": "2013-03-02T00:00:00",
        "FromAccount": "Gergana I",
        "ToAccount": "Stephen S",
        "Narrative": "Audit and Other Financial Services",
        "Amount": 1.73
    },
    {
        "Date": "2013-03-06T00:00:00",
        "FromAccount": "Laura B",
        "ToAccount": "Sam N",
        "Narrative": "Stationary Items",
        "Amount": 7.26
    },
    {
        "Date": "2013-03-08T00:00:00",
        "FromAccount": "Ben B",
        "ToAccount": "Sarah T",
        "Narrative": "Pokemon Training",
        "Amount": 6.2
    },
    {
        "Date": "2013-03-12T00:00:00",
        "FromAccount": "Todd",
        "ToAccount": "Jon A",
        "Narrative": "Automated Testing Services",
        "Amount": 0.9
    },
    {
        "Date": "2013-03-14T00:00:00",
        "FromAccount": "Todd",
        "ToAccount": "Chris W",
        "Narrative": "Rails Consultancy",
        "Amount": 8.97
    },
    {
        "Date": "2013-03-17T00:00:00",
        "FromAccount": "Dan W",
        "ToAccount": "Chris W",
        "Narrative": "Audit and Other Financial Services",
        "Amount": 3.34
    },
    {
        "Date": "2013-03-20T00:00:00",
        "FromAccount": "Gergana I",
        "ToAccount": "Rob S",
        "Narrative": "Stationary Items",
        "Amount": 2.85
    },
    {
        "Date": "2013-03-22T00:00:00",
        "FromAccount": "Chris W",
        "ToAccount": "Laura B",
        "Narrative": "Git-Fu Rendered",
        "Amount": 4.15
    },
    {
        "Date": "2013-03-24T00:00:00",
        "FromAccount": "Gergana I",
        "ToAccount": "Stephen S",
        "Narrative": "Coffee",
        "Amount": 2.39
    },
    {
        "Date": "2013-03-27T00:00:00",
        "FromAccount": "Stephen S",
        "ToAccount": "Dan W",
        "Narrative": "Jenkins Fees",
        "Amount": 7.82
    },
    {
        "Date": "2013-03-28T00:00:00",
        "FromAccount": "Ben B",
        "ToAccount": "Stephen S",
        "Narrative": "Sandbox Help",
        "Amount": 6.36
    },
    {
        "Date": "2013-04-01T00:00:00",
        "FromAccount": "Rob S",
        "ToAccount": "Tim L",
        "Narrative": "Coffee",
        "Amount": 4.77
    },
    {
        "Date": "2013-04-03T00:00:00",
        "FromAccount": "Sarah T",
        "ToAccount": "Stephen S",
        "Narrative": "Lunch",
        "Amount": 2.64
    },
    {
        "Date": "2013-04-05T00:00:00",
        "FromAccount": "Stephen S",
        "ToAccount": "Chris W",
        "Narrative": "Coffee",
        "Amount": 3.4
    },
    {
        "Date": "2013-04-08T00:00:00",
        "FromAccount": "Tim L",
        "ToAccount": "Todd",
        "Narrative": "Jenkins Fees",
        "Amount": 4.27
    },
    {
        "Date": "2013-04-09T00:00:00",
        "FromAccount": "Todd",
        "ToAccount": "Gergana I",
        "Narrative": "Misc Morale",
        "Amount": 2.6
    },
    {
        "Date": "2013-04-11T00:00:00",
        "FromAccount": "Gergana I",
        "ToAccount": "Sarah T",
        "Narrative": "Lunch",
        "Amount": 3
    },
    {
        "Date": "2013-04-15T00:00:00",
        "FromAccount": "Rob S",
        "ToAccount": "Chris W",
        "Narrative": "Coffee",
        "Amount": 5.49
    },
    {
        "Date": "2013-04-18T00:00:00",
        "FromAccount": "Gergana I",
        "ToAccount": "Ben B",
        "Narrative": "Lunch",
        "Amount": 9.07
    },
    {
        "Date": "2013-04-21T00:00:00",
        "FromAccount": "Todd",
        "ToAccount": "Sarah T",
        "Narrative": "Sandcastle Help",
        "Amount": 5.32
    },
    {
        "Date": "2013-04-24T00:00:00",
        "FromAccount": "Ben B",
        "ToAccount": "Tim L",
        "Narrative": "Fantasy Football",
        "Amount": 1.15
    },
    {
        "Date": "2013-04-25T00:00:00",
        "FromAccount": "Stephen S",
        "ToAccount": "Jon A",
        "Narrative": "Coffee",
        "Amount": 2.47
    },
    {
        "Date": "2013-04-26T00:00:00",
        "FromAccount": "Stephen S",
        "ToAccount": "Jon A",
        "Narrative": "Misc Morale",
        "Amount": 9.1
    },
    {
        "Date": "2013-04-27T00:00:00",
        "FromAccount": "Ben B",
        "ToAccount": "Chris W",
        "Narrative": "Rails Consultancy",
        "Amount": 9.91
    },
    {
        "Date": "2013-05-01T00:00:00",
        "FromAccount": "Ben B",
        "ToAccount": "Dan W",
        "Narrative": "Git-Fu Rendered",
        "Amount": 9.85
    },
    {
        "Date": "2013-05-04T00:00:00",
        "FromAccount": "Laura B",
        "ToAccount": "Dan W",
        "Narrative": "Coffee",
        "Amount": 1.34
    },
    {
        "Date": "2013-05-05T00:00:00",
        "FromAccount": "Sarah T",
        "ToAccount": "Ben B",
        "Narrative": "Beers",
        "Amount": 0.51
    },
    {
        "Date": "2013-05-06T00:00:00",
        "FromAccount": "Todd",
        "ToAccount": "Dan W",
        "Narrative": "Git-Fu Rendered",
        "Amount": 4.92
    },
    {
        "Date": "2013-05-08T00:00:00",
        "FromAccount": "Chris W",
        "ToAccount": "Tim L",
        "Narrative": "Coffee",
        "Amount": 5.94
    },
    {
        "Date": "2013-05-09T00:00:00",
        "FromAccount": "Gergana I",
        "ToAccount": "Tim L",
        "Narrative": "White Water Rafting",
        "Amount": 2.27
    },
    {
        "Date": "2013-05-13T00:00:00",
        "FromAccount": "Todd",
        "ToAccount": "Ben B",
        "Narrative": "Coffee",
        "Amount": 11.07
    },
    {
        "Date": "2013-05-14T00:00:00",
        "FromAccount": "Ben B",
        "ToAccount": "Dan W",
        "Narrative": "Rails Consultancy",
        "Amount": 9.96
    },
    {
        "Date": "2013-05-18T00:00:00",
        "FromAccount": "Laura B",
        "ToAccount": "Sarah T",
        "Narrative": "Lunch",
        "Amount": 11.94
    },
    {
        "Date": "2013-05-22T00:00:00",
        "FromAccount": "Stephen S",
        "ToAccount": "Sam N",
        "Narrative": "Pokemon Training",
        "Amount": 9.24
    },
    {
        "Date": "2013-05-25T00:00:00",
        "FromAccount": "Stephen S",
        "ToAccount": "Chris W",
        "Narrative": "Sandbox Help",
        "Amount": 2.85
    },
    {
        "Date": "2013-05-29T00:00:00",
        "FromAccount": "Stephen S",
        "ToAccount": "Ben B",
        "Narrative": "Audit and Other Financial Services",
        "Amount": 1.51
    },
    {
        "Date": "2013-06-02T00:00:00",
        "FromAccount": "Todd",
        "ToAccount": "Ben B",
        "Narrative": "Golf Bets",
        "Amount": 11.83
    },
    {
        "Date": "2013-06-03T00:00:00",
        "FromAccount": "Chris W",
        "ToAccount": "Rob S",
        "Narrative": "Lunch",
        "Amount": 2.16
    },
    {
        "Date": "2013-06-05T00:00:00",
        "FromAccount": "Rob S",
        "ToAccount": "Dan W",
        "Narrative": "Golf Bets",
        "Amount": 1.96
    },
    {
        "Date": "2013-06-06T00:00:00",
        "FromAccount": "Todd",
        "ToAccount": "Jon A",
        "Narrative": "Pokemon Training",
        "Amount": 1.06
    },
    {
        "Date": "2013-06-10T00:00:00",
        "FromAccount": "Sarah T",
        "ToAccount": "Gergana I",
        "Narrative": "Lego Assistance",
        "Amount": 10.81
    },
    {
        "Date": "2013-06-12T00:00:00",
        "FromAccount": "Jon A",
        "ToAccount": "Ben B",
        "Narrative": "Sandcastle Help",
        "Amount": 6.75
    },
    {
        "Date": "2013-06-13T00:00:00",
        "FromAccount": "Ben B",
        "ToAccount": "Sarah T",
        "Narrative": "Poker Winnings",
        "Amount": 5.15
    },
    {
        "Date": "2013-06-16T00:00:00",
        "FromAccount": "Ben B",
        "ToAccount": "Dan W",
        "Narrative": "Misc Morale",
        "Amount": 9.24
    },
    {
        "Date": "2013-06-19T00:00:00",
        "FromAccount": "Laura B",
        "ToAccount": "Jon A",
        "Narrative": "Coffee",
        "Amount": 3.68
    },
    {
        "Date": "2013-06-21T00:00:00",
        "FromAccount": "Dan W",
        "ToAccount": "Todd",
        "Narrative": "Lunch",
        "Amount": 5.43
    },
    {
        "Date": "2013-06-22T00:00:00",
        "FromAccount": "Chris W",
        "ToAccount": "Tim L",
        "Narrative": "Stationary Items",
        "Amount": 0.98
    },
    {
        "Date": "2013-06-23T00:00:00",
        "FromAccount": "Stephen S",
        "ToAccount": "Jon A",
        "Narrative": "Audit and Other Financial Services",
        "Amount": 6.12
    },
    {
        "Date": "2013-06-26T00:00:00",
        "FromAccount": "Rob S",
        "ToAccount": "Sarah T",
        "Narrative": "Lunch",
        "Amount": 8.39
    },
    {
        "Date": "2013-06-27T00:00:00",
        "FromAccount": "Chris W",
        "ToAccount": "Ben B",
        "Narrative": "Beers",
        "Amount": 10.41
    },
    {
        "Date": "2013-06-30T00:00:00",
        "FromAccount": "Tim L",
        "ToAccount": "Laura B",
        "Narrative": "Lunch",
        "Amount": 6.51
    },
    {
        "Date": "2013-07-01T00:00:00",
        "FromAccount": "Tim L",
        "ToAccount": "Jon A",
        "Narrative": "Misc Morale",
        "Amount": 1.48
    },
    {
        "Date": "2013-07-04T00:00:00",
        "FromAccount": "Tim L",
        "ToAccount": "Chris W",
        "Narrative": "Poker Winnings",
        "Amount": 5.63
    },
    {
        "Date": "2013-07-05T00:00:00",
        "FromAccount": "Stephen S",
        "ToAccount": "Sam N",
        "Narrative": "Lunch",
        "Amount": 6.73
    },
    {
        "Date": "2013-07-07T00:00:00",
        "FromAccount": "Jon A",
        "ToAccount": "Rob S",
        "Narrative": "Lunch",
        "Amount": 6.69
    },
    {
        "Date": "2013-07-10T00:00:00",
        "FromAccount": "Dan W",
        "ToAccount": "Sarah T",
        "Narrative": "Lunch",
        "Amount": 3.88
    },
    {
        "Date": "2013-07-13T00:00:00",
        "FromAccount": "Chris W",
        "ToAccount": "Tim L",
        "Narrative": "Misc Morale",
        "Amount": 2.08
    },
    {
        "Date": "2013-07-16T00:00:00",
        "FromAccount": "Stephen S",
        "ToAccount": "Gergana I",
        "Narrative": "Coffee",
        "Amount": 6.95
    },
    {
        "Date": "2013-07-19T00:00:00",
        "FromAccount": "Dan W",
        "ToAccount": "Stephen S",
        "Narrative": "Arcade Social",
        "Amount": 3.21
    },
    {
        "Date": "2013-07-23T00:00:00",
        "FromAccount": "Sarah T",
        "ToAccount": "Stephen S",
        "Narrative": "Services Rendered",
        "Amount": 11.17
    },
    {
        "Date": "2013-07-27T00:00:00",
        "FromAccount": "Ben B",
        "ToAccount": "Tim L",
        "Narrative": "Coffee",
        "Amount": 4.29
    },
    {
        "Date": "2013-07-30T00:00:00",
        "FromAccount": "Ben B",
        "ToAccount": "Todd",
        "Narrative": "Beers",
        "Amount": 0.69
    },
    {
        "Date": "2013-07-31T00:00:00",
        "FromAccount": "Dan W",
        "ToAccount": "Sam N",
        "Narrative": "Pokemon Training",
        "Amount": 1.2
    },
    {
        "Date": "2013-08-01T00:00:00",
        "FromAccount": "Ben B",
        "ToAccount": "Todd",
        "Narrative": "Lunch",
        "Amount": 11.18
    },
    {
        "Date": "2013-08-05T00:00:00",
        "FromAccount": "Laura B",
        "ToAccount": "Tim L",
        "Narrative": "Jenkins Fees",
        "Amount": 11.34
    },
    {
        "Date": "2013-08-07T00:00:00",
        "FromAccount": "Jon A",
        "ToAccount": "Rob S",
        "Narrative": "Poker Winnings",
        "Amount": 10.78
    },
    {
        "Date": "2013-08-08T00:00:00",
        "FromAccount": "Gergana I",
        "ToAccount": "Stephen S",
        "Narrative": "Lunch",
        "Amount": 10.07
    },
    {
        "Date": "2013-08-11T00:00:00",
        "FromAccount": "Stephen S",
        "ToAccount": "Chris W",
        "Narrative": "Lunch",
        "Amount": 7.27
    },
    {
        "Date": "2013-08-13T00:00:00",
        "FromAccount": "Gergana I",
        "ToAccount": "Chris W",
        "Narrative": "Sandcastle Help",
        "Amount": 9.96
    },
    {
        "Date": "2013-08-16T00:00:00",
        "FromAccount": "Gergana I",
        "ToAccount": "Ben B",
        "Narrative": "Misc Morale",
        "Amount": 10.91
    },
    {
        "Date": "2013-08-19T00:00:00",
        "FromAccount": "Tim L",
        "ToAccount": "Sam N",
        "Narrative": "Coffee",
        "Amount": 7.51
    },
    {
        "Date": "2013-08-22T00:00:00",
        "FromAccount": "Sarah T",
        "ToAccount": "Laura B",
        "Narrative": "Misc Morale",
        "Amount": 7.05
    },
    {
        "Date": "2013-08-23T00:00:00",
        "FromAccount": "Todd",
        "ToAccount": "Sam N",
        "Narrative": "Beers",
        "Amount": 0.6
    },
    {
        "Date": "2013-08-26T00:00:00",
        "FromAccount": "Todd",
        "ToAccount": "Rob S",
        "Narrative": "Lunch",
        "Amount": 3.85
    },
    {
        "Date": "2013-08-27T00:00:00",
        "FromAccount": "Sam N",
        "ToAccount": "Gergana I",
        "Narrative": "Fantasy Football",
        "Amount": 5.45
    },
    {
        "Date": "2013-08-28T00:00:00",
        "FromAccount": "Rob S",
        "ToAccount": "Chris W",
        "Narrative": "Jenkins Fees",
        "Amount": 11.13
    },
    {
        "Date": "2013-08-31T00:00:00",
        "FromAccount": "Gergana I",
        "ToAccount": "Laura B",
        "Narrative": "Pokemon Training",
        "Amount": 5.54
    },
    {
        "Date": "2013-09-03T00:00:00",
        "FromAccount": "Chris W",
        "ToAccount": "Ben B",
        "Narrative": "Coffee",
        "Amount": 9.48
    },
    {
        "Date": "2013-09-05T00:00:00",
        "FromAccount": "Dan W",
        "ToAccount": "Tim L",
        "Narrative": "Lunch",
        "Amount": 10.58
    },
    {
        "Date": "2013-09-07T00:00:00",
        "FromAccount": "Rob S",
        "ToAccount": "Laura B",
        "Narrative": "Lunch",
        "Amount": 3.32
    },
    {
        "Date": "2013-09-10T00:00:00",
        "FromAccount": "Tim L",
        "ToAccount": "Ben B",
        "Narrative": "Misc Morale",
        "Amount": 8.68
    },
    {
        "Date": "2013-09-12T00:00:00",
        "FromAccount": "Tim L",
        "ToAccount": "Laura B",
        "Narrative": "Lego Assistance",
        "Amount": 2.53
    },
    {
        "Date": "2013-09-13T00:00:00",
        "FromAccount": "Stephen S",
        "ToAccount": "Laura B",
        "Narrative": "Services Rendered",
        "Amount": 1.96
    },
    {
        "Date": "2013-09-16T00:00:00",
        "FromAccount": "Sam N",
        "ToAccount": "Rob S",
        "Narrative": "Beers",
        "Amount": 2.81
    },
    {
        "Date": "2013-09-19T00:00:00",
        "FromAccount": "Ben B",
        "ToAccount": "Gergana I",
        "Narrative": "Beers",
        "Amount": 5.52
    },
    {
        "Date": "2013-09-22T00:00:00",
        "FromAccount": "Stephen S",
        "ToAccount": "Dan W",
        "Narrative": "Sandbox Help",
        "Amount": 9.28
    },
    {
        "Date": "2013-09-23T00:00:00",
        "FromAccount": "Stephen S",
        "ToAccount": "Dan W",
        "Narrative": "Coffee",
        "Amount": 5.13
    },
    {
        "Date": "2013-09-27T00:00:00",
        "FromAccount": "Chris W",
        "ToAccount": "Sarah T",
        "Narrative": "Stationary Items",
        "Amount": 7.05
    },
    {
        "Date": "2013-10-01T00:00:00",
        "FromAccount": "Todd",
        "ToAccount": "Tim L",
        "Narrative": "Coffee",
        "Amount": 10.13
    },
    {
        "Date": "2013-10-04T00:00:00",
        "FromAccount": "Chris W",
        "ToAccount": "Ben B",
        "Narrative": "Coffee",
        "Amount": 5.96
    },
    {
        "Date": "2013-10-08T00:00:00",
        "FromAccount": "Gergana I",
        "ToAccount": "Laura B",
        "Narrative": "Lunch",
        "Amount": 5.33
    },
    {
        "Date": "2013-10-11T00:00:00",
        "FromAccount": "Todd",
        "ToAccount": "Rob S",
        "Narrative": "Lunch",
        "Amount": 10.62
    },
    {
        "Date": "2013-10-12T00:00:00",
        "FromAccount": "Ben B",
        "ToAccount": "Chris W",
        "Narrative": "Jenkins Fees",
        "Amount": 7.78
    },
    {
        "Date": "2013-10-16T00:00:00",
        "FromAccount": "Laura B",
        "ToAccount": "Rob S",
        "Narrative": "Arcade Social",
        "Amount": 5.71
    },
    {
        "Date": "2013-10-17T00:00:00",
        "FromAccount": "Laura B",
        "ToAccount": "Jon A",
        "Narrative": "Arcade Social",
        "Amount": 7.71
    },
    {
        "Date": "2013-10-20T00:00:00",
        "FromAccount": "Sam N",
        "ToAccount": "Sarah T",
        "Narrative": "Lunch",
        "Amount": 10.6
    },
    {
        "Date": "2013-10-23T00:00:00",
        "FromAccount": "Chris W",
        "ToAccount": "Todd",
        "Narrative": "Lego Assistance",
        "Amount": 3.42
    },
    {
        "Date": "2013-10-27T00:00:00",
        "FromAccount": "Sam N",
        "ToAccount": "Dan W",
        "Narrative": "Misc Morale",
        "Amount": 6.89
    },
    {
        "Date": "2013-10-29T00:00:00",
        "FromAccount": "Dan W",
        "ToAccount": "Rob S",
        "Narrative": "Misc Morale",
        "Amount": 9.99
    },
    {
        "Date": "2013-11-01T00:00:00",
        "FromAccount": "Sarah T",
        "ToAccount": "Laura B",
        "Narrative": "Lunch",
        "Amount": 7.01
    },
    {
        "Date": "2013-11-05T00:00:00",
        "FromAccount": "Stephen S",
        "ToAccount": "Rob S",
        "Narrative": "Spline Reticulation",
        "Amount": 8.3
    },
    {
        "Date": "2013-11-07T00:00:00",
        "FromAccount": "Ben B",
        "ToAccount": "Sarah T",
        "Narrative": "Lunch",
        "Amount": 10.09
    },
    {
        "Date": "2013-11-09T00:00:00",
        "FromAccount": "Rob S",
        "ToAccount": "Tim L",
        "Narrative": "Stationary Items",
        "Amount": 11
    },
    {
        "Date": "2013-11-12T00:00:00",
        "FromAccount": "Rob S",
        "ToAccount": "Sam N",
        "Narrative": "Misc Morale",
        "Amount": 1.25
    },
    {
        "Date": "2013-11-15T00:00:00",
        "FromAccount": "Jon A",
        "ToAccount": "Tim L",
        "Narrative": "Sandbox Help",
        "Amount": 9.13
    },
    {
        "Date": "2013-11-18T00:00:00",
        "FromAccount": "Rob S",
        "ToAccount": "Dan W",
        "Narrative": "Services Rendered",
        "Amount": 9.4
    },
    {
        "Date": "2013-11-21T00:00:00",
        "FromAccount": "Stephen S",
        "ToAccount": "Chris W",
        "Narrative": "Misc Morale",
        "Amount": 2.53
    },
    {
        "Date": "2013-11-24T00:00:00",
        "FromAccount": "Tim L",
        "ToAccount": "Sam N",
        "Narrative": "Rails Consultancy",
        "Amount": 7.59
    },
    {
        "Date": "2013-11-28T00:00:00",
        "FromAccount": "Ben B",
        "ToAccount": "Todd",
        "Narrative": "Golf Bets",
        "Amount": 2.15
    },
    {
        "Date": "2013-11-29T00:00:00",
        "FromAccount": "Ben B",
        "ToAccount": "Sam N",
        "Narrative": "Pokemon Training",
        "Amount": 4.01
    },
    {
        "Date": "2013-12-01T00:00:00",
        "FromAccount": "Sam N",
        "ToAccount": "Sarah T",
        "Narrative": "Lunch",
        "Amount": 6.35
    },
    {
        "Date": "2013-12-02T00:00:00",
        "FromAccount": "Jon A",
        "ToAccount": "Todd",
        "Narrative": "Misc Morale",
        "Amount": 10.19
    },
    {
        "Date": "2013-12-05T00:00:00",
        "FromAccount": "Ben B",
        "ToAccount": "Sam N",
        "Narrative": "Coffee",
        "Amount": 9
    },
    {
        "Date": "2013-12-09T00:00:00",
        "FromAccount": "Laura B",
        "ToAccount": "Tim L",
        "Narrative": "Rails Consultancy",
        "Amount": 9.39
    },
    {
        "Date": "2013-12-12T00:00:00",
        "FromAccount": "Chris W",
        "ToAccount": "Tim L",
        "Narrative": "Coffee",
        "Amount": 11.44
    },
    {
        "Date": "2013-12-13T00:00:00",
        "FromAccount": "Rob S",
        "ToAccount": "Tim L",
        "Narrative": "Misc Morale",
        "Amount": 9.19
    },
    {
        "Date": "2013-12-17T00:00:00",
        "FromAccount": "Sarah T",
        "ToAccount": "Ben B",
        "Narrative": "Pokemon Training",
        "Amount": 8.72
    },
    {
        "Date": "2013-12-19T00:00:00",
        "FromAccount": "Todd",
        "ToAccount": "Ben B",
        "Narrative": "Pokemon Training",
        "Amount": 8.72
    },
    {
        "Date": "2013-12-22T00:00:00",
        "FromAccount": "Gergana I",
        "ToAccount": "Sam N",
        "Narrative": "Lunch",
        "Amount": 1.32
    },
    {
        "Date": "2013-12-24T00:00:00",
        "FromAccount": "Ben B",
        "ToAccount": "Rob S",
        "Narrative": "Snooker Night",
        "Amount": 10.14
    },
    {
        "Date": "2013-12-27T00:00:00",
        "FromAccount": "Stephen S",
        "ToAccount": "Todd",
        "Narrative": "Spline Reticulation",
        "Amount": 4.34
    },
    {
        "Date": "2013-12-28T00:00:00",
        "FromAccount": "Jon A",
        "ToAccount": "Chris W",
        "Narrative": "Beers",
        "Amount": 5.99
    },
    {
        "Date": "2013-12-30T00:00:00",
        "FromAccount": "Rob S",
        "ToAccount": "Sam N",
        "Narrative": "Misc Morale",
        "Amount": 2.54
    }
]