<?xml version="1.0" encoding="utf-8"?>
<TransactionList>
  <SupportTransaction Date="40909">
    <Description>Snooker Night</Description>
    <Value>9.22</Value>
    <Parties>
      <From>Gergana I</From>
      <To>Jon A</To>
    </Parties>
  </SupportTransaction>
  <SupportTransaction Date="40910">
    <Description>Coffee</Description>
    <Value>6.98</Value>
    <Parties>
      <From>Sam N</From>
      <To>Dan W</To>
    </Parties>
  </SupportTransaction>
  <SupportTransaction Date="40914">
    <Description>Lunch</Description>
    <Value>10.67</Value>
    <Parties>
      <From>Stephen S</From>
      <To>Sarah T</To>
    </Parties>
  </SupportTransaction>
  <SupportTransaction Date="40915">
    <Description>Misc Morale</Description>
    <Value>7.19</Value>
    <Parties>
      <From>Rob S</From>
      <To>Sarah T</To>
    </Parties>
  </SupportTransaction>
  <SupportTransaction Date="40917">
    <Description>Fantasy Football</Description>
    <Value>10.73</Value>
    <Parties>
      <From>Tim L</From>
      <To>Chris W</To>
    </Parties>
  </SupportTransaction>
  <SupportTransaction Date="40920">
    <Description>Automated Testing Services</Description>
    <Value>10.1</Value>
    <Parties>
      <From>Tim L</From>
      <To>Rob S</To>
    </Parties>
  </SupportTransaction>
  <SupportTransaction Date="40922">
    <Description>Beers</Description>
    <Value>1.79</Value>
    <Parties>
      <From>Sarah T</From>
      <To>Sam N</To>
    </Parties>
  </SupportTransaction>
  <SupportTransaction Date="40925">
    <Description>Beers</Description>
    <Value>11.1</Value>
    <Parties>
      <From>Dan W</From>
      <To>Todd</To>
    </Parties>
  </SupportTransaction>
  <SupportTransaction Date="40926">
    <Description>Coffee</Description>
    <Value>10.89</Value>
    <Parties>
      <From>Chris W</From>
      <To>Ben B</To>
    </Parties>
  </SupportTransaction>
  <SupportTransaction Date="40928">
    <Description>Pokemon Training</Description>
    <Value>3.12</Value>
    <Parties>
      <From>Chris W</From>
      <To>Tim L</To>
    </Parties>
  </SupportTransaction>
  <SupportTransaction Date="40932">
    <Description>Snooker Night</Description>
    <Value>2.29</Value>
    <Parties>
      <From>Rob S</From>
      <To>Tim L</To>
    </Parties>
  </SupportTransaction>
  <SupportTransaction Date="40933">
    <Description>Spline Reticulation</Description>
    <Value>7.32</Value>
    <Parties>
      <From>Chris W</From>
      <To>Rob S</To>
    </Parties>
  </SupportTransaction>
  <SupportTransaction Date="40936">
    <Description>Stationary Items</Description>
    <Value>6.1</Value>
    <Parties>
      <From>Stephen S</From>
      <To>Gergana I</To>
    </Parties>
  </SupportTransaction>
  <SupportTransaction Date="40937">
    <Description>Lunch</Description>
    <Value>7.72</Value>
    <Parties>
      <From>Stephen S</From>
      <To>Todd</To>
    </Parties>
  </SupportTransaction>
  <SupportTransaction Date="40939">
    <Description>Misc Morale</Description>
    <Value>5.2</Value>
    <Parties>
      <From>Stephen S</From>
      <To>Laura B</To>
    </Parties>
  </SupportTransaction>
  <SupportTransaction Date="40941">
    <Description>Pokemon Training</Description>
    <Value>4.67</Value>
    <Parties>
      <From>Sam N</From>
      <To>Rob S</To>
    </Parties>
  </SupportTransaction>
  <SupportTransaction Date="40944">
    <Description>Coffee</Description>
    <Value>11.72</Value>
    <Parties>
      <From>Ben B</From>
      <To>Chris W</To>
    </Parties>
  </SupportTransaction>
  <SupportTransaction Date="40948">
    <Description>Pokemon Training</Description>
    <Value>6.45</Value>
    <Parties>
      <From>Rob S</From>
      <To>Jon A</To>
    </Parties>
  </SupportTransaction>
  <SupportTransaction Date="40952">
    <Description>Sandcastle Help</Description>
    <Value>8.46</Value>
    <Parties>
      <From>Todd</From>
      <To>Ben B</To>
    </Parties>
  </SupportTransaction>
  <SupportTransaction Date="40955">
    <Description>Lunch</Description>
    <Value>10.36</Value>
    <Parties>
      <From>Laura B</From>
      <To>Todd</To>
    </Parties>
  </SupportTransaction>
  <SupportTransaction Date="40959">
    <Description>Pokemon Training</Description>
    <Value>3.88</Value>
    <Parties>
      <From>Chris W</From>
      <To>Stephen S</To>
    </Parties>
  </SupportTransaction>
  <SupportTransaction Date="40962">
    <Description>Beers</Description>
    <Value>9.81</Value>
    <Parties>
      <From>Sam N</From>
      <To>Dan W</To>
    </Parties>
  </SupportTransaction>
  <SupportTransaction Date="40963">
    <Description>Lunch</Description>
    <Value>3.67</Value>
    <Parties>
      <From>Gergana I</From>
      <To>Rob S</To>
    </Parties>
  </SupportTransaction>
  <SupportTransaction Date="40965">
    <Description>Lunch</Description>
    <Value>0.63</Value>
    <Parties>
      <From>Dan W</From>
      <To>Tim L</To>
    </Parties>
  </SupportTransaction>
  <SupportTransaction Date="40969">
    <Description>Jenkins Fees</Description>
    <Value>2.61</Value>
    <Parties>
      <From>Tim L</From>
      <To>Ben B</To>
    </Parties>
  </SupportTransaction>
  <SupportTransaction Date="40971">
    <Description>Coffee</Description>
    <Value>4.85</Value>
    <Parties>
      <From>Rob S</From>
      <To>Ben B</To>
    </Parties>
  </SupportTransaction>
  <SupportTransaction Date="40975">
    <Description>Lunch</Description>
    <Value>3.14</Value>
    <Parties>
      <From>Stephen S</From>
      <To>Gergana I</To>
    </Parties>
  </SupportTransaction>
  <SupportTransaction Date="40979">
    <Description>Arcade Social</Description>
    <Value>9.01</Value>
    <Parties>
      <From>Gergana I</From>
      <To>Chris W</To>
    </Parties>
  </SupportTransaction>
  <SupportTransaction Date="40980">
    <Description>Lego Assistance</Description>
    <Value>6.33</Value>
    <Parties>
      <From>Gergana I</From>
      <To>Rob S</To>
    </Parties>
  </SupportTransaction>
  <SupportTransaction Date="40984">
    <Description>Misc Morale</Description>
    <Value>11.84</Value>
    <Parties>
      <From>Dan W</From>
      <To>Stephen S</To>
    </Parties>
  </SupportTransaction>
  <SupportTransaction Date="40986">
    <Description>Spline Reticulation</Description>
    <Value>9.1</Value>
    <Parties>
      <From>Jon A</From>
      <To>Sarah T</To>
    </Parties>
  </SupportTransaction>
  <SupportTransaction Date="40989">
    <Description>Coffee</Description>
    <Value>8.41</Value>
    <Parties>
      <From>Stephen S</From>
      <To>Dan W</To>
    </Parties>
  </SupportTransaction>
  <SupportTransaction Date="40993">
    <Description>Lunch</Description>
    <Value>2.38</Value>
    <Parties>
      <From>Stephen S</From>
      <To>Tim L</To>
    </Parties>
  </SupportTransaction>
  <SupportTransaction Date="40997">
    <Description>Snooker Night</Description>
    <Value>1.9</Value>
    <Parties>
      <From>Gergana I</From>
      <To>Laura B</To>
    </Parties>
  </SupportTransaction>
  <SupportTransaction Date="40998">
    <Description>Sandcastle Help</Description>
    <Value>1.89</Value>
    <Parties>
      <From>Sarah T</From>
      <To>Gergana I</To>
    </Parties>
  </SupportTransaction>
  <SupportTransaction Date="40999">
    <Description>Stationary Items</Description>
    <Value>3.8</Value>
    <Parties>
      <From>Laura B</From>
      <To>Dan W</To>
    </Parties>
  </SupportTransaction>
  <SupportTransaction Date="41001">
    <Description>Fantasy Football</Description>
    <Value>11.63</Value>
    <Parties>
      <From>Dan W</From>
      <To>Chris W</To>
    </Parties>
  </SupportTransaction>
  <SupportTransaction Date="41003">
    <Description>Misc Morale</Description>
    <Value>7.32</Value>
    <Parties>
      <From>Dan W</From>
      <To>Todd</To>
    </Parties>
  </SupportTransaction>
  <SupportTransaction Date="41004">
    <Description>Audit and Other Financial Services</Description>
    <Value>6.06</Value>
    <Parties>
      <From>Sam N</From>
      <To>Chris W</To>
    </Parties>
  </SupportTransaction>
  <SupportTransaction Date="41007">
    <Description>Arcade Social</Description>
    <Value>11.17</Value>
    <Parties>
      <From>Tim L</From>
      <To>Chris W</To>
    </Parties>
  </SupportTransaction>
  <SupportTransaction Date="41009">
    <Description>Lego Assistance</Description>
    <Value>5.49</Value>
    <Parties>
      <From>Sarah T</From>
      <To>Dan W</To>
    </Parties>
  </SupportTransaction>
  <SupportTransaction Date="41011">
    <Description>Git-Fu Rendered</Description>
    <Value>0.8</Value>
    <Parties>
      <From>Gergana I</From>
      <To>Jon A</To>
    </Parties>
  </SupportTransaction>
  <SupportTransaction Date="41012">
    <Description>Lunch</Description>
    <Value>5.43</Value>
    <Parties>
      <From>Sam N</From>
      <To>Todd</To>
    </Parties>
  </SupportTransaction>
  <SupportTransaction Date="41013">
    <Description>Lunch</Description>
    <Value>10.46</Value>
    <Parties>
      <From>Laura B</From>
      <To>Dan W</To>
    </Parties>
  </SupportTransaction>
  <SupportTransaction Date="41015">
    <Description>Beers</Description>
    <Value>11.7</Value>
    <Parties>
      <From>Laura B</From>
      <To>Rob S</To>
    </Parties>
  </SupportTransaction>
  <SupportTransaction Date="41019">
    <Description>Pokemon Training</Description>
    <Value>11.09</Value>
    <Parties>
      <From>Stephen S</From>
      <To>Ben B</To>
    </Parties>
  </SupportTransaction>
  <SupportTransaction Date="41022">
    <Description>Audit and Other Financial Services</Description>
    <Value>8.44</Value>
    <Parties>
      <From>Todd</From>
      <To>Dan W</To>
    </Parties>
  </SupportTransaction>
  <SupportTransaction Date="41026">
    <Description>Fantasy Football</Description>
    <Value>0.93</Value>
    <Parties>
      <From>Laura B</From>
      <To>Sam N</To>
    </Parties>
  </SupportTransaction>
  <SupportTransaction Date="41028">
    <Description>Jenkins Fees</Description>
    <Value>8.17</Value>
    <Parties>
      <From>Laura B</From>
      <To>Ben B</To>
    </Parties>
  </SupportTransaction>
  <SupportTransaction Date="41029">
    <Description>Automated Testing Services</Description>
    <Value>4.79</Value>
    <Parties>
      <From>Jon A</From>
      <To>Tim L</To>
    </Parties>
  </SupportTransaction>
  <SupportTransaction Date="41031">
    <Description>Snooker Night</Description>
    <Value>8.24</Value>
    <Parties>
      <From>Sarah T</From>
      <To>Laura B</To>
    </Parties>
  </SupportTransaction>
  <SupportTransaction Date="41035">
    <Description>Coffee</Description>
    <Value>9.17</Value>
    <Parties>
      <From>Gergana I</From>
      <To>Ben B</To>
    </Parties>
  </SupportTransaction>
  <SupportTransaction Date="41038">
    <Description>Pokemon Training</Description>
    <Value>11.4</Value>
    <Parties>
      <From>Todd</From>
      <To>Sam N</To>
    </Parties>
  </SupportTransaction>
  <SupportTransaction Date="41039">
    <Description>Sandbox Help</Description>
    <Value>1.55</Value>
    <Parties>
      <From>Sam N</From>
      <To>Dan W</To>
    </Parties>
  </SupportTransaction>
  <SupportTransaction Date="41042">
    <Description>Lunch</Description>
    <Value>4.3</Value>
    <Parties>
      <From>Chris W</From>
      <To>Rob S</To>
    </Parties>
  </SupportTransaction>
  <SupportTransaction Date="41046">
    <Description>Automated Testing Services</Description>
    <Value>8.6</Value>
    <Parties>
      <From>Rob S</From>
      <To>Sam N</To>
    </Parties>
  </SupportTransaction>
  <SupportTransaction Date="41050">
    <Description>Fantasy Football</Description>
    <Value>10.88</Value>
    <Parties>
      <From>Todd</From>
      <To>Chris W</To>
    </Parties>
  </SupportTransaction>
  <SupportTransaction Date="41054">
    <Description>Misc Morale</Description>
    <Value>5.19</Value>
    <Parties>
      <From>Sarah T</From>
      <To>Chris W</To>
    </Parties>
  </SupportTransaction>
  <SupportTransaction Date="41057">
    <Description>White Water Rafting</Description>
    <Value>10.73</Value>
    <Parties>
      <From>Tim L</From>
      <To>Ben B</To>
    </Parties>
  </SupportTransaction>
  <SupportTransaction Date="41060">
    <Description>Arcade Social</Description>
    <Value>10.73</Value>
    <Parties>
      <From>Gergana I</From>
      <To>Tim L</To>
    </Parties>
  </SupportTransaction>
  <SupportTransaction Date="41061">
    <Description>Spline Reticulation</Description>
    <Value>10.84</Value>
    <Parties>
      <From>Chris W</From>
      <To>Jon A</To>
    </Parties>
  </SupportTransaction>
  <SupportTransaction Date="41062">
    <Description>Coffee</Description>
    <Value>3.51</Value>
    <Parties>
      <From>Laura B</From>
      <To>Jon A</To>
    </Parties>
  </SupportTransaction>
  <SupportTransaction Date="41064">
    <Description>Automated Testing Services</Description>
    <Value>1.78</Value>
    <Parties>
      <From>Sarah T</From>
      <To>Dan W</To>
    </Parties>
  </SupportTransaction>
  <SupportTransaction Date="41067">
    <Description>Lunch</Description>
    <Value>3.11</Value>
    <Parties>
      <From>Dan W</From>
      <To>Stephen S</To>
    </Parties>
  </SupportTransaction>
  <SupportTransaction Date="41071">
    <Description>Lego Assistance</Description>
    <Value>3.75</Value>
    <Parties>
      <From>Sarah T</From>
      <To>Chris W</To>
    </Parties>
  </SupportTransaction>
  <SupportTransaction Date="41074">
    <Description>Misc Morale</Description>
    <Value>4.15</Value>
    <Parties>
      <From>Todd</From>
      <To>Stephen S</To>
    </Parties>
  </SupportTransaction>
  <SupportTransaction Date="41078">
    <Description>Stationary Items</Description>
    <Value>9.43</Value>
    <Parties>
      <From>Laura B</From>
      <To>Chris W</To>
    </Parties>
  </SupportTransaction>
  <SupportTransaction Date="41079">
    <Description>Golf Bets</Description>
    <Value>1.45</Value>
    <Parties>
      <From>Ben B</From>
      <To>Chris W</To>
    </Parties>
  </SupportTransaction>
  <SupportTransaction Date="41081">
    <Description>Lunch</Description>
    <Value>8.71</Value>
    <Parties>
      <From>Laura B</From>
      <To>Sam N</To>
    </Parties>
  </SupportTransaction>
  <SupportTransaction Date="41082">
    <Description>Lunch</Description>
    <Value>4.8</Value>
    <Parties>
      <From>Stephen S</From>
      <To>Todd</To>
    </Parties>
  </SupportTransaction>
  <SupportTransaction Date="41085">
    <Description>Misc Morale</Description>
    <Value>6.57</Value>
    <Parties>
      <From>Dan W</From>
      <To>Jon A</To>
    </Parties>
  </SupportTransaction>
  <SupportTransaction Date="41087">
    <Description>Sandcastle Help</Description>
    <Value>10.78</Value>
    <Parties>
      <From>Chris W</From>
      <To>Stephen S</To>
    </Parties>
  </SupportTransaction>
  <SupportTransaction Date="41089">
    <Description>Poker Winnings</Description>
    <Value>0.52</Value>
    <Parties>
      <From>Laura B</From>
      <To>Jon A</To>
    </Parties>
  </SupportTransaction>
  <SupportTransaction Date="41091">
    <Description>Pokemon Training</Description>
    <Value>10.86</Value>
    <Parties>
      <From>Stephen S</From>
      <To>Tim L</To>
    </Parties>
  </SupportTransaction>
  <SupportTransaction Date="41095">
    <Description>Snooker Night</Description>
    <Value>7.98</Value>
    <Parties>
      <From>Jon A</From>
      <To>Dan W</To>
    </Parties>
  </SupportTransaction>
  <SupportTransaction Date="41096">
    <Description>Jenkins Fees</Description>
    <Value>7.6</Value>
    <Parties>
      <From>Sarah T</From>
      <To>Ben B</To>
    </Parties>
  </SupportTransaction>
  <SupportTransaction Date="41097">
    <Description>Git-Fu Rendered</Description>
    <Value>7.73</Value>
    <Parties>
      <From>Laura B</From>
      <To>Rob S</To>
    </Parties>
  </SupportTransaction>
  <SupportTransaction Date="41099">
    <Description>Misc Morale</Description>
    <Value>9.1</Value>
    <Parties>
      <From>Tim L</From>
      <To>Ben B</To>
    </Parties>
  </SupportTransaction>
  <SupportTransaction Date="41103">
    <Description>Golf Bets</Description>
    <Value>1.2</Value>
    <Parties>
      <From>Jon A</From>
      <To>Laura B</To>
    </Parties>
  </SupportTransaction>
  <SupportTransaction Date="41104">
    <Description>Pokemon Training</Description>
    <Value>3.57</Value>
    <Parties>
      <From>Tim L</From>
      <To>Todd</To>
    </Parties>
  </SupportTransaction>
  <SupportTransaction Date="41106">
    <Description>Services Rendered</Description>
    <Value>1.33</Value>
    <Parties>
      <From>Ben B</From>
      <To>Chris W</To>
    </Parties>
  </SupportTransaction>
  <SupportTransaction Date="41108">
    <Description>Coffee</Description>
    <Value>8.55</Value>
    <Parties>
      <From>Stephen S</From>
      <To>Jon A</To>
    </Parties>
  </SupportTransaction>
  <SupportTransaction Date="41112">
    <Description>Lego Assistance</Description>
    <Value>10.01</Value>
    <Parties>
      <From>Jon A</From>
      <To>Rob S</To>
    </Parties>
  </SupportTransaction>
  <SupportTransaction Date="41113">
    <Description>Beers</Description>
    <Value>5.83</Value>
    <Parties>
      <From>Jon A</From>
      <To>Sam N</To>
    </Parties>
  </SupportTransaction>
  <SupportTransaction Date="41114">
    <Description>Coffee</Description>
    <Value>10.52</Value>
    <Parties>
      <From>Rob S</From>
      <To>Todd</To>
    </Parties>
  </SupportTransaction>
  <SupportTransaction Date="41116">
    <Description>Jenkins Fees</Description>
    <Value>11.59</Value>
    <Parties>
      <From>Todd</From>
      <To>Dan W</To>
    </Parties>
  </SupportTransaction>
  <SupportTransaction Date="41117">
    <Description>Coffee</Description>
    <Value>9.47</Value>
    <Parties>
      <From>Jon A</From>
      <To>Chris W</To>
    </Parties>
  </SupportTransaction>
  <SupportTransaction Date="41120">
    <Description>Misc Morale</Description>
    <Value>4.34</Value>
    <Parties>
      <From>Rob S</From>
      <To>Sam N</To>
    </Parties>
  </SupportTransaction>
  <SupportTransaction Date="41124">
    <Description>Lunch</Description>
    <Value>10.41</Value>
    <Parties>
      <From>Stephen S</From>
      <To>Sam N</To>
    </Parties>
  </SupportTransaction>
  <SupportTransaction Date="41126">
    <Description>Sandbox Help</Description>
    <Value>2.12</Value>
    <Parties>
      <From>Tim L</From>
      <To>Sam N</To>
    </Parties>
  </SupportTransaction>
  <SupportTransaction Date="41130">
    <Description>Snooker Night</Description>
    <Value>1.74</Value>
    <Parties>
      <From>Laura B</From>
      <To>Dan W</To>
    </Parties>
  </SupportTransaction>
  <SupportTransaction Date="41131">
    <Description>Misc Morale</Description>
    <Value>1.92</Value>
    <Parties>
      <From>Chris W</From>
      <To>Laura B</To>
    </Parties>
  </SupportTransaction>
  <SupportTransaction Date="41132">
    <Description>Rails Consultancy</Description>
    <Value>3.2</Value>
    <Parties>
      <From>Chris W</From>
      <To>Dan W</To>
    </Parties>
  </SupportTransaction>
  <SupportTransaction Date="41133">
    <Description>Beers</Description>
    <Value>5.38</Value>
    <Parties>
      <From>Chris W</From>
      <To>Todd</To>
    </Parties>
  </SupportTransaction>
  <SupportTransaction Date="41134">
    <Description>Automated Testing Services</Description>
    <Value>8.57</Value>
    <Parties>
      <From>Todd</From>
      <To>Tim L</To>
    </Parties>
  </SupportTransaction>
  <SupportTransaction Date="41135">
    <Description>White Water Rafting</Description>
    <Value>8.85</Value>
    <Parties>
      <From>Sarah T</From>
      <To>Stephen S</To>
    </Parties>
  </SupportTransaction>
  <SupportTransaction Date="41139">
    <Description>Misc Morale</Description>
    <Value>11.22</Value>
    <Parties>
      <From>Laura B</From>
      <To>Stephen S</To>
    </Parties>
  </SupportTransaction>
  <SupportTransaction Date="41142">
    <Description>Coffee</Description>
    <Value>0.58</Value>
    <Parties>
      <From>Dan W</From>
      <To>Gergana I</To>
    </Parties>
  </SupportTransaction>
  <SupportTransaction Date="41145">
    <Description>Audit and Other Financial Services</Description>
    <Value>10.69</Value>
    <Parties>
      <From>Sarah T</From>
      <To>Rob S</To>
    </Parties>
  </SupportTransaction>
  <SupportTransaction Date="41147">
    <Description>Coffee</Description>
    <Value>7.72</Value>
    <Parties>
      <From>Sarah T</From>
      <To>Dan W</To>
    </Parties>
  </SupportTransaction>
  <SupportTransaction Date="41148">
    <Description>Services Rendered</Description>
    <Value>9.11</Value>
    <Parties>
      <From>Tim L</From>
      <To>Sam N</To>
    </Parties>
  </SupportTransaction>
  <SupportTransaction Date="41151">
    <Description>Fantasy Football</Description>
    <Value>8.65</Value>
    <Parties>
      <From>Tim L</From>
      <To>Jon A</To>
    </Parties>
  </SupportTransaction>
  <SupportTransaction Date="41154">
    <Description>Coffee</Description>
    <Value>8.36</Value>
    <Parties>
      <From>Sarah T</From>
      <To>Dan W</To>
    </Parties>
  </SupportTransaction>
  <SupportTransaction Date="41155">
    <Description>Snooker Night</Description>
    <Value>3.57</Value>
    <Parties>
      <From>Todd</From>
      <To>Sam N</To>
    </Parties>
  </SupportTransaction>
  <SupportTransaction Date="41156">
    <Description>Pokemon Training</Description>
    <Value>10.2</Value>
    <Parties>
      <From>Dan W</From>
      <To>Tim L</To>
    </Parties>
  </SupportTransaction>
  <SupportTransaction Date="41159">
    <Description>Jenkins Fees</Description>
    <Value>7.89</Value>
    <Parties>
      <From>Stephen S</From>
      <To>Chris W</To>
    </Parties>
  </SupportTransaction>
  <SupportTransaction Date="41163">
    <Description>Lunch</Description>
    <Value>4.41</Value>
    <Parties>
      <From>Sarah T</From>
      <To>Chris W</To>
    </Parties>
  </SupportTransaction>
  <SupportTransaction Date="41165">
    <Description>Git-Fu Rendered</Description>
    <Value>10.89</Value>
    <Parties>
      <From>Todd</From>
      <To>Tim L</To>
    </Parties>
  </SupportTransaction>
  <SupportTransaction Date="41169">
    <Description>Lunch</Description>
    <Value>0.64</Value>
    <Parties>
      <From>Stephen S</From>
      <To>Jon A</To>
    </Parties>
  </SupportTransaction>
  <SupportTransaction Date="41172">
    <Description>Beers</Description>
    <Value>10.25</Value>
    <Parties>
      <From>Sam N</From>
      <To>Jon A</To>
    </Parties>
  </SupportTransaction>
  <SupportTransaction Date="41174">
    <Description>Sandcastle Help</Description>
    <Value>4.73</Value>
    <Parties>
      <From>Rob S</From>
      <To>Gergana I</To>
    </Parties>
  </SupportTransaction>
  <SupportTransaction Date="41178">
    <Description>Golf Bets</Description>
    <Value>11.83</Value>
    <Parties>
      <From>Todd</From>
      <To>Chris W</To>
    </Parties>
  </SupportTransaction>
  <SupportTransaction Date="41181">
    <Description>Lunch</Description>
    <Value>4.42</Value>
    <Parties>
      <From>Tim L</From>
      <To>Stephen S</To>
    </Parties>
  </SupportTransaction>
  <SupportTransaction Date="41184">
    <Description>Coffee</Description>
    <Value>3.66</Value>
    <Parties>
      <From>Jon A</From>
      <To>Ben B</To>
    </Parties>
  </SupportTransaction>
  <SupportTransaction Date="41187">
    <Description>Lunch</Description>
    <Value>10.25</Value>
    <Parties>
      <From>Laura B</From>
      <To>Todd</To>
    </Parties>
  </SupportTransaction>
  <SupportTransaction Date="41191">
    <Description>Lunch</Description>
    <Value>2.48</Value>
    <Parties>
      <From>Chris W</From>
      <To>Chris W</To>
    </Parties>
  </SupportTransaction>
  <SupportTransaction Date="41194">
    <Description>Lunch</Description>
    <Value>10.62</Value>
    <Parties>
      <From>Laura B</From>
      <To>Dan W</To>
    </Parties>
  </SupportTransaction>
  <SupportTransaction Date="41198">
    <Description>Misc Morale</Description>
    <Value>9.01</Value>
    <Parties>
      <From>Jon A</From>
      <To>Gergana I</To>
    </Parties>
  </SupportTransaction>
  <SupportTransaction Date="41199">
    <Description>Audit and Other Financial Services</Description>
    <Value>10.6</Value>
    <Parties>
      <From>Ben B</From>
      <To>Laura B</To>
    </Parties>
  </SupportTransaction>
  <SupportTransaction Date="41200">
    <Description>Beers</Description>
    <Value>4.34</Value>
    <Parties>
      <From>Todd</From>
      <To>Dan W</To>
    </Parties>
  </SupportTransaction>
  <SupportTransaction Date="41203">
    <Description>Sandcastle Help</Description>
    <Value>10.4</Value>
    <Parties>
      <From>Todd</From>
      <To>Ben B</To>
    </Parties>
  </SupportTransaction>
  <SupportTransaction Date="41204">
    <Description>Coffee</Description>
    <Value>2.13</Value>
    <Parties>
      <From>Sam N</From>
      <To>Laura B</To>
    </Parties>
  </SupportTransaction>
  <SupportTransaction Date="41207">
    <Description>Beers</Description>
    <Value>6.22</Value>
    <Parties>
      <From>Dan W</From>
      <To>Sam N</To>
    </Parties>
  </SupportTransaction>
  <SupportTransaction Date="41209">
    <Description>Coffee</Description>
    <Value>9.29</Value>
    <Parties>
      <From>Gergana I</From>
      <To>Chris W</To>
    </Parties>
  </SupportTransaction>
  <SupportTransaction Date="41211">
    <Description>Coffee</Description>
    <Value>11.07</Value>
    <Parties>
      <From>Dan W</From>
      <To>Sam N</To>
    </Parties>
  </SupportTransaction>
  <SupportTransaction Date="41215">
    <Description>Coffee</Description>
    <Value>7.83</Value>
    <Parties>
      <From>Ben B</From>
      <To>Todd</To>
    </Parties>
  </SupportTransaction>
  <SupportTransaction Date="41216">
    <Description>Golf Bets</Description>
    <Value>5.18</Value>
    <Parties>
      <From>Sarah T</From>
      <To>Tim L</To>
    </Parties>
  </SupportTransaction>
  <SupportTransaction Date="41218">
    <Description>Beers</Description>
    <Value>6.66</Value>
    <Parties>
      <From>Sam N</From>
      <To>Sarah T</To>
    </Parties>
  </SupportTransaction>
  <SupportTransaction Date="41222">
    <Description>Pokemon Training</Description>
    <Value>3.74</Value>
    <Parties>
      <From>Tim L</From>
      <To>Sarah T</To>
    </Parties>
  </SupportTransaction>
  <SupportTransaction Date="41226">
    <Description>Coffee</Description>
    <Value>11.93</Value>
    <Parties>
      <From>Tim L</From>
      <To>Dan W</To>
    </Parties>
  </SupportTransaction>
  <SupportTransaction Date="41228">
    <Description>Lunch</Description>
    <Value>2.99</Value>
    <Parties>
      <From>Jon A</From>
      <To>Tim L</To>
    </Parties>
  </SupportTransaction>
  <SupportTransaction Date="41229">
    <Description>Automated Testing Services</Description>
    <Value>5.95</Value>
    <Parties>
      <From>Stephen S</From>
      <To>Chris W</To>
    </Parties>
  </SupportTransaction>
  <SupportTransaction Date="41232">
    <Description>Coffee</Description>
    <Value>7.08</Value>
    <Parties>
      <From>Dan W</From>
      <To>Rob S</To>
    </Parties>
  </SupportTransaction>
  <SupportTransaction Date="41235">
    <Description>Git-Fu Rendered</Description>
    <Value>6.63</Value>
    <Parties>
      <From>Rob S</From>
      <To>Ben B</To>
    </Parties>
  </SupportTransaction>
  <SupportTransaction Date="41236">
    <Description>Lego Assistance</Description>
    <Value>0.92</Value>
    <Parties>
      <From>Dan W</From>
      <To>Gergana I</To>
    </Parties>
  </SupportTransaction>
  <SupportTransaction Date="41239">
    <Description>Coffee</Description>
    <Value>1.49</Value>
    <Parties>
      <From>Rob S</From>
      <To>Todd</To>
    </Parties>
  </SupportTransaction>
  <SupportTransaction Date="41240">
    <Description>Services Rendered</Description>
    <Value>10.78</Value>
    <Parties>
      <From>Chris W</From>
      <To>Todd</To>
    </Parties>
  </SupportTransaction>
  <SupportTransaction Date="41243">
    <Description>Git-Fu Rendered</Description>
    <Value>4.53</Value>
    <Parties>
      <From>Chris W</From>
      <To>Sarah T</To>
    </Parties>
  </SupportTransaction>
  <SupportTransaction Date="41244">
    <Description>Misc Morale</Description>
    <Value>2.92</Value>
    <Parties>
      <From>Gergana I</From>
      <To>Sarah T</To>
    </Parties>
  </SupportTransaction>
  <SupportTransaction Date="41247">
    <Description>Jenkins Fees</Description>
    <Value>7.88</Value>
    <Parties>
      <From>Jon A</From>
      <To>Tim L</To>
    </Parties>
  </SupportTransaction>
  <SupportTransaction Date="41251">
    <Description>Coffee</Description>
    <Value>9.31</Value>
    <Parties>
      <From>Tim L</From>
      <To>Sarah T</To>
    </Parties>
  </SupportTransaction>
  <SupportTransaction Date="41254">
    <Description>Rails Consultancy</Description>
    <Value>2.44</Value>
    <Parties>
      <From>Sam N</From>
      <To>Laura B</To>
    </Parties>
  </SupportTransaction>
  <SupportTransaction Date="41255">
    <Description>Stationary Items</Description>
    <Value>8.89</Value>
    <Parties>
      <From>Sarah T</From>
      <To>Jon A</To>
    </Parties>
  </SupportTransaction>
  <SupportTransaction Date="41259">
    <Description>Spline Reticulation</Description>
    <Value>8.73</Value>
    <Parties>
      <From>Tim L</From>
      <To>Stephen S</To>
    </Parties>
  </SupportTransaction>
  <SupportTransaction Date="41261">
    <Description>Lunch</Description>
    <Value>10.28</Value>
    <Parties>
      <From>Sarah T</From>
      <To>Laura B</To>
    </Parties>
  </SupportTransaction>
  <SupportTransaction Date="41265">
    <Description>Lego Assistance</Description>
    <Value>6.07</Value>
    <Parties>
      <From>Stephen S</From>
      <To>Sarah T</To>
    </Parties>
  </SupportTransaction>
  <SupportTransaction Date="41269">
    <Description>Coffee</Description>
    <Value>6.28</Value>
    <Parties>
      <From>Tim L</From>
      <To>Jon A</To>
    </Parties>
  </SupportTransaction>
  <SupportTransaction Date="41271">
    <Description>Automated Testing Services</Description>
    <Value>10.98</Value>
    <Parties>
      <From>Rob S</From>
      <To>Chris W</To>
    </Parties>
  </SupportTransaction>
  <SupportTransaction Date="41273">
    <Description>Services Rendered</Description>
    <Value>0.77</Value>
    <Parties>
      <From>Tim L</From>
      <To>Todd</To>
    </Parties>
  </SupportTransaction>
</TransactionList>